{
    "epochs": 7,
    "training_accuracy": 0.5063756743501716,
    "test_accuracy": 42.00530035335689,
    "time": 5401.99048,
    "num_hidden_layer": 2,
    "num_hidden_neurons": 3000,
    "sparsity": 0.7,
    "beta": 0.99,
    "threshold": 1
}