{
    "epochs": 24,
    "training_accuracy": 0.9883521333987249,
    "test_accuracy": 67.31448763250883,
    "time": 17827.615055,
    "num_hidden_layer": 2,
    "num_hidden_neurons": 3000,
    "sparsity": 0.2,
    "beta": 0.8,
    "threshold": 1
}