{
    "epochs": 2,
    "training_accuracy": 0.7202059833251594,
    "test_accuracy": 65.81272084805654,
    "time": 1602.648169,
    "num_hidden_layer": 2,
    "num_hidden_neurons": 3000,
    "sparsity": 0,
    "beta": 0.99,
    "threshold": 0.7
}