{
    "epochs": 10,
    "training_accuracy": 0.9559833251593919,
    "test_accuracy": 70.22968197879858,
    "time": 4829.184412,
    "num_hidden_layer": 2,
    "num_hidden_neurons": 3000,
    "sparsity": 0,
    "beta": 0.99,
    "threshold": 1
}