{
    "epochs": 36,
    "training_accuracy": 0.9899460519862677,
    "test_accuracy": 65.10600706713781,
    "time": 26226.189824,
    "num_hidden_layer": 2,
    "num_hidden_neurons": 3000,
    "sparsity": 0.7,
    "beta": 0.8,
    "threshold": 1
}