{
    "epochs": 22,
    "training_accuracy": 0.9963217263364395,
    "test_accuracy": 71.95229681978799,
    "time": 16016.414268,
    "num_hidden_layer": 2,
    "num_hidden_neurons": 3000,
    "sparsity": 0.2,
    "beta": 0.8,
    "threshold": 0.7
}