{
    "epochs": 14,
    "training_accuracy": 0.9798921039725356,
    "test_accuracy": 73.4982332155477,
    "time": 6482.089071,
    "num_hidden_layer": 2,
    "num_hidden_neurons": 3000,
    "sparsity": 0,
    "beta": 0.8,
    "threshold": 0.7
}