{
    "epochs": 12,
    "training_accuracy": 0.967631191760667,
    "test_accuracy": 71.73144876325088,
    "time": 5631.148192,
    "num_hidden_layer": 2,
    "num_hidden_neurons": 3000,
    "sparsity": 0.2,
    "beta": 0.8,
    "threshold": 0.7
}