{
    "epochs": 15,
    "training_accuracy": 0.9666503187837175,
    "test_accuracy": 70.89222614840989,
    "time": 6205.534446,
    "num_hidden_layer": 2,
    "num_hidden_neurons": 3000,
    "sparsity": 0,
    "beta": 0.8,
    "threshold": 1
}