{
    "epochs": 13,
    "training_accuracy": 0.9767042667974497,
    "test_accuracy": 71.68727915194346,
    "time": 6073.187051,
    "num_hidden_layer": 2,
    "num_hidden_neurons": 3000,
    "sparsity": 0,
    "beta": 0.8,
    "threshold": 0.7
}