{
    "epochs": 10,
    "training_accuracy": 0.8681951937224129,
    "test_accuracy": 65.32685512367492,
    "time": 4784.253639,
    "num_hidden_layer": 2,
    "num_hidden_neurons": 3000,
    "sparsity": 0.95,
    "beta": 0.99,
    "threshold": 1
}