{
    "epochs": 6,
    "training_accuracy": 0.4189553702795488,
    "test_accuracy": 38.51590106007067,
    "time": 4937.555021,
    "num_hidden_layer": 2,
    "num_hidden_neurons": 3000,
    "sparsity": 0.95,
    "beta": 0.99,
    "threshold": 0.7
}