{
    "epochs": 16,
    "training_accuracy": 0.9803825404610103,
    "test_accuracy": 73.0565371024735,
    "time": 8881.551641,
    "num_hidden_layer": 2,
    "num_hidden_neurons": 3000,
    "sparsity": 0.2,
    "beta": 0.99,
    "threshold": 1
}