{
    "epochs": 2,
    "training_accuracy": 0.6921284943599804,
    "test_accuracy": 68.55123674911661,
    "time": 868.676968,
    "num_hidden_layer": 2,
    "num_hidden_neurons": 3000,
    "sparsity": 0.5
}