{
    "epochs": 16,
    "training_accuracy": 0.9683668464933791,
    "test_accuracy": 67.09363957597174,
    "time": 7740.052179,
    "num_hidden_layer": 2,
    "num_hidden_neurons": 3000,
    "sparsity": 0,
    "beta": 0.99,
    "threshold": 0.7
}