{
    "epochs": 14,
    "training_accuracy": 0.9811181951937225,
    "test_accuracy": 71.64310954063605,
    "time": 6380.943994,
    "num_hidden_layer": 2,
    "num_hidden_neurons": 3000,
    "sparsity": 0,
    "beta": 0.8,
    "threshold": 0.7
}