{
    "epochs": 8,
    "training_accuracy": 0.9206718979892105,
    "test_accuracy": 67.93286219081273,
    "time": 6164.517074,
    "num_hidden_layer": 2,
    "num_hidden_neurons": 3000,
    "sparsity": 0.2,
    "beta": 0.99,
    "threshold": 0.7
}