{
    "epochs": 8,
    "training_accuracy": 0.4358754291319274,
    "test_accuracy": 39.620141342756185,
    "time": 6106.124233,
    "num_hidden_layer": 2,
    "num_hidden_neurons": 3000,
    "sparsity": 0.95,
    "beta": 0.99,
    "threshold": 1
}