{
    "epochs": 16,
    "training_accuracy": 0.9729033840117705,
    "test_accuracy": 70.58303886925795,
    "time": 9005.488404,
    "num_hidden_layer": 2,
    "num_hidden_neurons": 3000,
    "sparsity": 0,
    "beta": 0.8,
    "threshold": 1
}