{
    "epochs": 9,
    "training_accuracy": 0.9482589504659147,
    "test_accuracy": 71.73144876325088,
    "time": 5189.395819,
    "num_hidden_layer": 2,
    "num_hidden_neurons": 3000,
    "sparsity": 0.7,
    "beta": 0.99,
    "threshold": 1
}