{
    "epochs": 8,
    "training_accuracy": 0.9413928396272683,
    "test_accuracy": 71.59893992932862,
    "time": 5628.179393,
    "num_hidden_layer": 2,
    "num_hidden_neurons": 3000,
    "sparsity": 0,
    "beta": 0.99,
    "threshold": 1
}