{
    "epochs": 14,
    "training_accuracy": 0.9589259440902403,
    "test_accuracy": 66.43109540636043,
    "time": 6740.531971,
    "num_hidden_layer": 2,
    "num_hidden_neurons": 3000,
    "sparsity": 0.2,
    "beta": 0.99,
    "threshold": 0.7
}