{
    "epochs": 16,
    "training_accuracy": 0.9702059833251594,
    "test_accuracy": 66.87279151943463,
    "time": 7300.176842,
    "num_hidden_layer": 2,
    "num_hidden_neurons": 3000,
    "sparsity": 0,
    "beta": 0.8,
    "threshold": 1
}