{
    "epochs": 4,
    "training_accuracy": 0.810446297204512,
    "test_accuracy": 60.600706713780916,
    "time": 3935.429847,
    "num_hidden_layer": 2,
    "num_hidden_neurons": 3000,
    "sparsity": 0,
    "beta": 0.99,
    "threshold": 0.7
}