{
    "epochs": 12,
    "training_accuracy": 0.928273663560569,
    "test_accuracy": 64.79681978798587,
    "time": 5182.264581,
    "num_hidden_layer": 2,
    "num_hidden_neurons": 3000,
    "sparsity": 0,
    "beta": 0.99,
    "threshold": 0.7
}