{
    "epochs": 18,
    "training_accuracy": 0.9619911721432075,
    "test_accuracy": 63.82508833922262,
    "time": 15710.838096,
    "num_hidden_layer": 2,
    "num_hidden_neurons": 3000,
    "sparsity": 0.7,
    "beta": 0.8,
    "threshold": 0.7
}