{
    "epochs": 2,
    "training_accuracy": 0.5638793526238353,
    "test_accuracy": 57.37632508833922,
    "time": 859.698846,
    "num_hidden_layer": 2,
    "num_hidden_neurons": 3000,
    "sparsity": 0.8
}