{
    "epochs": 14,
    "training_accuracy": 0.9736390387444825,
    "test_accuracy": 74.20494699646643,
    "time": 6889.320075,
    "num_hidden_layer": 2,
    "num_hidden_neurons": 3000,
    "sparsity": 0
}