{
    "epochs": 14,
    "training_accuracy": 0.8174350171652771,
    "test_accuracy": 59.36395759717315,
    "time": 10335.27649,
    "num_hidden_layer": 2,
    "num_hidden_neurons": 3000,
    "sparsity": 0.7,
    "beta": 0.99,
    "threshold": 0.7
}