{
    "epochs": 56,
    "training_accuracy": 0.9388180480627759,
    "test_accuracy": 61.30742049469965,
    "time": 39785.104125,
    "num_hidden_layer": 2,
    "num_hidden_neurons": 3000,
    "sparsity": 0.95,
    "beta": 0.8,
    "threshold": 1
}