{
    "epochs": 5,
    "training_accuracy": 0.872486512996567,
    "test_accuracy": 68.59540636042402,
    "time": 2595.931586,
    "num_hidden_layer": 2,
    "num_hidden_neurons": 3000,
    "sparsity": 0.95,
    "beta": 0.99,
    "threshold": 0.7
}