{
    "epochs": 6,
    "training_accuracy": 0.45524767042667974,
    "test_accuracy": 39.79681978798587,
    "time": 5581.846544,
    "num_hidden_layer": 2,
    "num_hidden_neurons": 3000,
    "sparsity": 0,
    "beta": 0.99,
    "threshold": 3
}