{
    "epochs": 2,
    "training_accuracy": 0.7317312408043158,
    "test_accuracy": 66.43109540636043,
    "time": 1601.421722,
    "num_hidden_layer": 2,
    "num_hidden_neurons": 3000,
    "sparsity": 0
}