{
    "epochs": 10,
    "training_accuracy": 0.9552476704266798,
    "test_accuracy": 70.09717314487632,
    "time": 8937.570395,
    "num_hidden_layer": 2,
    "num_hidden_neurons": 3000,
    "sparsity": 0,
    "surrogate": "atan"
}