{
    "epochs": 10,
    "training_accuracy": 0.620892594409024,
    "test_accuracy": 37.80918727915194,
    "time": 1483.431667,
    "sparsity": 0,
    "number_hidden_neurons": 100,
    "number_hidden_layer": 1,
    "beta": 0.9999,
    "threshold": 0.01
}