{
    "epochs": 10,
    "training_accuracy": 0.39149092692496323,
    "test_accuracy": 16.872791519434628,
    "time": 967.705629,
    "sparsity": 0,
    "number_hidden_neurons": 1000,
    "number_hidden_layer": 1,
    "beta": 0.99,
    "threshold": 0.1
}