{
    "epochs": 20,
    "training_accuracy": 0.155223148602256,
    "test_accuracy": 7.773851590106007,
    "time": 1722.456462,
    "sparsity": 0,
    "number_hidden_neurons": 1000,
    "number_hidden_layer": 1,
    "beta": 0.9999,
    "threshold": 0.01
}