{
    "epochs": 3,
    "training_accuracy": 0.6781510544384503,
    "test_accuracy": 54.85865724381625,
    "time": 2362.961668,
    "sparsity": 0,
    "number_hidden_neurons": 3000,
    "number_hidden_layer": 2,
    "beta": 0.6,
    "threshold": 0.7
}