{
    "epochs": 3,
    "training_accuracy": 0.29021579205492887,
    "test_accuracy": 26.192579505300355,
    "time": 235.556186,
    "sparsity": 0,
    "number_hidden_neurons": 100,
    "number_hidden_layer": 1,
    "beta": 0.7,
    "threshold": 1
}