{
    "epochs": 3,
    "training_accuracy": 0.2898479646885728,
    "test_accuracy": 27.959363957597173,
    "time": 316.145435,
    "sparsity": 0,
    "number_hidden_neurons": 100,
    "number_hidden_layer": 1,
    "beta": 0.6,
    "threshold": 1
}