{
    "epochs": 6,
    "training_accuracy": 0.9285714285714286,
    "test_accuracy": 62.32332155477032,
    "time": 2403.258901,
    "number_hidden_neurons": 2000,
    "number_hidden_layer": 3
}