{
    "epochs": 13,
    "training_accuracy": 0.8928571428571429,
    "test_accuracy": 67.97703180212014,
    "time": 920.326168,
    "number_hidden_neurons": 2000,
    "number_hidden_layer": 1
}