{
    "epochs": 14,
    "training_accuracy": 0.9285714285714286,
    "test_accuracy": 72.52650176678445,
    "time": 6912.981362,
    "number_hidden_neurons": 3000,
    "number_hidden_layer": 2
}