{
    "epochs": 9,
    "training_accuracy": 0.9642857142857143,
    "test_accuracy": 70.49469964664311,
    "time": 887.317391,
    "number_hidden_neurons": 1000,
    "number_hidden_layer": 2
}