{
    "epochs": 8,
    "training_accuracy": 0.9492398234428642,
    "test_accuracy": 73.18904593639576,
    "time": 3908.861345,
    "loss_config": "membrane_potential_cross_entropy"
}