{
    "epochs": 7,
    "training_accuracy": 0.8973761647866602,
    "test_accuracy": 0.7177230046948357,
    "time": 4346.30366,
    "loss_config": "population_coding",
    "beta": 0.99,
    "number_hidden_layer": 2,
    "number_hidden_neurons": 3000
}