{
    "epochs": 17,
    "training_accuracy": 0.9729033840117705,
    "test_accuracy": 0.7092136150234741,
    "time": 2430.344463,
    "loss_config": "population_coding",
    "beta": 0.8,
    "number_hidden_layer": 2,
    "number_hidden_neurons": 1000
}