{
    "epochs": 10,
    "training_accuracy": 0.93097106424718,
    "test_accuracy": 0.7403169014084507,
    "time": 1456.538608,
    "loss_config": "population_coding",
    "beta": 0.99,
    "number_hidden_layer": 2,
    "number_hidden_neurons": 1000
}