{
    "epochs": 14,
    "training_accuracy": 0.6845267287886219,
    "test_accuracy": 61.48409893992933,
    "time": 1649.150993
}