{
    "epochs": 30,
    "training_accuracy": 0.9642857142857143,
    "test_accuracy": 66.1660777385159,
    "time": 13593.357718
}