{
    "epochs": 30,
    "training_accuracy": 0.9642857142857143,
    "test_accuracy": 69.96466431095406,
    "time": 5049.324699,
    "number_hidden_layer": 3
}