{
    "epochs": 30,
    "training_accuracy": 0.9642857142857143,
    "test_accuracy": 66.87279151943463,
    "time": 1386.644015,
    "number_hidden_layer": 1
}