{
    "epochs": 3,
    "training_accuracy": 0.7142857142857143,
    "test_accuracy": 64.92932862190813,
    "time": 378.234409,
    "num_hidden_neurons": 1000,
    "num_hidden_layer": 1,
    "sparsity": 0
}