{
    "epochs": 1,
    "training_accuracy": 0.5714285714285714,
    "test_accuracy": 57.15547703180212,
    "time": 368.009247,
    "num_hidden_neurons": 1000,
    "num_hidden_layer": 2,
    "sparsity": 0
}