{
    "epochs": 30,
    "training_accuracy": 0.8214285714285714,
    "test_accuracy": 54.1077738515901,
    "sparsity": 0.8,
    "time": 1430.826547
}