{
    "epochs": 30,
    "training_accuracy": 0.9642857142857143,
    "test_accuracy": 62.41166077738516,
    "sparsity": 0.2,
    "time": 2127.79
}