{
    "epochs": 30,
    "training_accuracy": 0.9285714285714286,
    "test_accuracy": 59.31978798586572,
    "time": 1813.137053,
    "num_hidden_layer": 1,
    "num_hidden_neurons": 1000,
    "sparsity": 0
}