{
    "epochs": 30,
    "training_accuracy": 0.9642857142857143,
    "test_accuracy": 65.41519434628975,
    "time": 1777.914918,
    "number_hidden_neurons": 500
}