{
    "epochs": 30,
    "training_accuracy": 0.9642857142857143,
    "test_accuracy": 59.31978798586572,
    "time": 2648.201651,
    "number_hidden_neurons": 1500
}