{
    "epochs": 30,
    "training_accuracy": 0.9285714285714286,
    "test_accuracy": 47.8356890459364,
    "time": 2643.530847,
    "number_hidden_neurons": 3500
}