{
    "epochs": 30,
    "training_accuracy": 1.0,
    "test_accuracy": 52.78268551236749,
    "time": 5656.773139,
    "number_hidden_neurons": 2500
}