{
    "epochs": 30,
    "training_accuracy": 0.9642857142857143,
    "test_accuracy": 60.82155477031802,
    "time": 4254.402693,
    "number_hidden_neurons": 2000
}