{
    "epochs": 30,
    "training_accuracy": 0.9642857142857143,
    "test_accuracy": 51.63427561837456,
    "time": 17533.443535,
    "number_hidden_neurons": 3000
}