{
    "epochs": 30,
    "training_accuracy": 0.9285714285714286,
    "test_accuracy": 51.67844522968198,
    "time": 2822.504848,
    "number_hidden_neurons": 4000
}