{
    "epochs": 30,
    "training_accuracy": 0.9642857142857143,
    "test_accuracy": 46.466431095406364,
    "time": 3179.290111,
    "number_hidden_neurons": 4500
}