{
    "epochs": 30,
    "training_accuracy": 0.9642857142857143,
    "test_accuracy": 68.3303886925795,
    "time": 2263.509649,
    "number_hidden_neurons": 1000
}